chain_len,round,e2e_ns,publish_ns,gc_trigger_ns,invoke_cb_ns,getnext_ns,take_data_ns,sched_ns,dispatch_ns
10,0,10372120,4496720,0,0,0,0,7553310,0
10,1,20210420,14109590,0,0,0,0,5958530,0
10,2,20986130,14338360,0,0,0,0,6517340,0
10,3,20827450,14789550,0,0,0,0,5911770,0
10,4,21634970,15009510,0,0,0,0,6493300,0
10,5,18521930,13016360,0,0,0,0,5371190,0
10,6,20937260,14235250,0,0,0,0,6563450,0
10,7,20972590,14740410,0,0,0,0,6095280,0
10,8,21001110,14544890,0,0,0,0,6308650,0
10,9,20851540,14481400,0,0,0,0,6231390,0
10,10,13864630,9931530,0,0,0,0,3793920,0
10,11,20926600,14524230,0,0,0,0,6265560,0
10,12,20784310,14397610,0,0,0,0,6247190,0
10,13,20270230,13914790,0,0,0,0,6062290,0
10,14,20904400,14625750,0,0,0,0,6128040,0
10,15,11590400,8252570,0,0,0,0,3213380,0
10,16,31284780,21596150,0,0,0,0,9311860,0
10,17,21009960,14554800,0,0,0,0,6149510,0
10,18,22434060,16040000,0,0,0,0,6187980,0
10,19,19961440,13976960,0,0,0,0,5839040,0
10,20,18518220,13125640,0,0,0,0,5207780,0
10,21,23514280,16145480,0,0,0,0,6986740,0
10,22,21225800,14644470,0,0,0,0,6441020,0
10,23,23612520,16298620,0,0,0,0,7163230,0
10,24,13445540,9832530,0,0,0,0,3464120,0
10,25,25431020,16805560,0,0,0,0,8276740,0
10,26,20210960,14051240,0,0,0,0,5907230,0
10,27,21256270,14911520,0,0,0,0,6210950,0
10,28,20354580,14176930,0,0,0,0,6033230,0
10,29,21954950,15342180,0,0,0,0,6470630,0
10,30,20958630,14262910,0,0,0,0,6533840,0
10,31,19408330,13351200,0,0,0,0,5926070,0
10,32,22763880,15405500,0,0,0,0,6921200,0
10,33,21648830,15372740,0,0,0,0,6117410,0
10,34,24702360,16866680,0,0,0,0,7540940,0
10,35,20781620,14668130,0,0,0,0,5971740,0
10,36,21502160,14298290,0,0,0,0,7066320,0
10,37,21006400,14336630,0,0,0,0,6271270,0
10,38,21101170,14521820,0,0,0,0,6446600,0
10,39,20983820,14330420,0,0,0,0,6522060,0
10,40,21672110,14970110,0,0,0,0,6559730,0
10,41,21179670,14752920,0,0,0,0,6272760,0
10,42,21094280,14642460,0,0,0,0,6314550,0
10,43,21070880,14697920,0,0,0,0,6215170,0
10,44,21502080,14598920,0,0,0,0,6759900,0
10,45,26961080,19089970,0,0,0,0,7713190,0
10,46,21612420,14654210,0,0,0,0,6804520,0
10,47,12357940,9099180,0,0,0,0,3089810,0
10,48,22652480,15104710,0,0,0,0,7405740,0
10,49,23417750,15871590,0,0,0,0,7391910,0
10,50,22169540,15183910,0,0,0,0,6840440,0
10,51,22334770,15582040,0,0,0,0,6608550,0
10,52,31024340,21586270,0,0,0,0,9222510,0
10,53,21756300,14794380,0,0,0,0,6733460,0
10,54,22096460,15553840,0,0,0,0,6407320,0
10,55,21518420,14850440,0,0,0,0,6525960,0
10,56,20182060,13986240,0,0,0,0,6052490,0
10,57,20465550,13830040,0,0,0,0,6496560,0
10,58,21536050,14854630,0,0,0,0,6545690,0
10,59,18708380,12845620,0,0,0,0,5734680,0
10,60,14157090,9874720,0,0,0,0,4176760,0
10,61,24314740,16774720,0,0,0,0,7347590,0
10,62,21158350,14571030,0,0,0,0,6453970,0
10,63,21650450,15127740,0,0,0,0,6228930,0
10,64,21454380,15223590,0,0,0,0,6100820,0
10,65,17175360,11563400,0,0,0,0,5510100,0
10,66,27083880,19009980,0,0,0,0,7889030,0
10,67,31265310,20375880,0,0,0,0,10713210,0
10,68,20865280,14125170,0,0,0,0,6606230,0
10,69,20976590,14331140,0,0,0,0,6511300,0
10,70,20774870,14124640,0,0,0,0,6483610,0
10,71,21208080,14345650,0,0,0,0,6714300,0
10,72,22366480,15086610,0,0,0,0,7137300,0
10,73,21083590,14603030,0,0,0,0,6335740,0
10,74,20180130,13834790,0,0,0,0,6212450,0
10,75,18459790,12687410,0,0,0,0,5636860,0
10,76,21111260,14194410,0,0,0,0,6780530,0
10,77,21673410,14626710,0,0,0,0,6912120,0
10,78,20956210,14516030,0,0,0,0,6304050,0
10,79,22967810,16135170,0,0,0,0,6694120,0
10,80,24795790,17309700,0,0,0,0,7330140,0
10,81,20664310,14354260,0,0,0,0,6174940,0
10,82,20963190,14485900,0,0,0,0,6343280,0
10,83,22017810,15614490,0,0,0,0,6268610,0
10,84,22171680,15164640,0,0,0,0,6867700,0
10,85,18094590,12213190,0,0,0,0,5780640,0
10,86,21807060,14733610,0,0,0,0,6799270,0
10,87,20024520,14131690,0,0,0,0,5756150,0
10,88,20518310,14673130,0,0,0,0,5648530,0
10,89,21383670,14592330,0,0,0,0,6653450,0
10,90,21778710,15053370,0,0,0,0,6588760,0
10,91,21549740,14910880,0,0,0,0,6501620,0
10,92,13484260,9700380,0,0,0,0,3682410,0
10,93,20180030,14136680,0,0,0,0,5909200,0
10,94,12446960,9382220,0,0,0,0,2916210,0
10,95,31903290,21275310,0,0,0,0,10348570,0
10,96,24644980,17219150,0,0,0,0,7261340,0
10,97,21312990,14214240,0,0,0,0,6950560,0
10,98,27738760,18766650,0,0,0,0,8807750,0
10,99,21841870,14600010,0,0,0,0,7112040,0
10,100,12376800,8149580,0,0,0,0,4148180,0
10,101,20468890,13851380,0,0,0,0,6483820,0
10,102,23953760,16601480,0,0,0,0,7192520,0
10,103,21104980,14763150,0,0,0,0,6197290,0
10,104,21485620,14863030,0,0,0,0,6494230,0
10,105,21828250,15294830,0,0,0,0,6403430,0
10,106,35696900,23863330,0,0,0,0,11566260,0
10,107,21591100,15226850,0,0,0,0,6229140,0
10,108,23939100,16687110,0,0,0,0,7105500,0
10,109,20594110,14272120,0,0,0,0,6186480,0
10,110,19387050,13573470,0,0,0,0,5683260,0
10,111,19198540,13079100,0,0,0,0,5991910,0
10,112,21046170,14546880,0,0,0,0,6357490,0
10,113,21492950,15173510,0,0,0,0,6182750,0
10,114,21049620,14726750,0,0,0,0,6188780,0
10,115,9842340,6585850,0,0,0,0,3184810,0
10,116,21017740,14814110,0,0,0,0,6060690,0
10,117,20866190,14439310,0,0,0,0,6295590,0
10,118,21365750,14478110,0,0,0,0,6752280,0
10,119,21169910,14391880,0,0,0,0,6647600,0
10,120,19830560,13373360,0,0,0,0,6352060,0
10,121,21425670,15075950,0,0,0,0,6216380,0
10,122,18509820,12915850,0,0,0,0,5467340,0
10,123,20650990,14416480,0,0,0,0,6099230,0
10,124,21190200,14158590,0,0,0,0,6813620,0
10,125,9514420,6823960,0,0,0,0,2620340,0
10,126,21459280,15194610,0,0,0,0,6132130,0
10,127,20688370,14524850,0,0,0,0,6033730,0
10,128,21062680,14652470,0,0,0,0,6271790,0
10,129,21658750,14408930,0,0,0,0,7117820,0
10,130,6364930,4342420,0,0,0,0,1975290,0
10,131,19600240,13624360,0,0,0,0,5850520,0
10,132,20964340,14581800,0,0,0,0,6253550,0
10,133,11944350,8772370,0,0,0,0,3076990,0
10,134,21622650,15320960,0,0,0,0,6163810,0
10,135,12949630,8386400,0,0,0,0,4474320,0
10,136,20688570,14158630,0,0,0,0,6368610,0
10,137,20962000,14662490,0,0,0,0,6168630,0
10,138,18689690,12940350,0,0,0,0,5624870,0
10,139,21014510,14359640,0,0,0,0,6523950,0
10,140,16377430,11082340,0,0,0,0,5199050,0
10,141,21882790,15243900,0,0,0,0,6500950,0
10,142,6731660,4718490,0,0,0,0,1921010,0
10,143,17578380,12441960,0,0,0,0,5008890,0
10,144,21453340,14613710,0,0,0,0,6701650,0
10,145,7749730,5191460,0,0,0,0,2505510,0
10,146,21652790,14919710,0,0,0,0,6573430,0
10,147,21421580,14662480,0,0,0,0,6624430,0
10,148,25069320,17116280,0,0,0,0,7796360,0
10,149,27693940,18624740,0,0,0,0,8916000,0
10,150,17596840,11880580,0,0,0,0,5619660,0
10,151,22162900,14849060,0,0,0,0,7178010,0
10,152,20604500,14499840,0,0,0,0,5976710,0
10,153,22074540,14891560,0,0,0,0,7037530,0
10,154,21671200,14995920,0,0,0,0,6541700,0
10,155,18659040,12686420,0,0,0,0,5872830,0
10,156,20806210,14143590,0,0,0,0,6526640,0
10,157,21547610,14935820,0,0,0,0,6481280,0
10,158,15738530,11384450,0,0,0,0,4183110,0
10,159,20209830,13787440,0,0,0,0,6289300,0
10,160,17576640,11927510,0,0,0,0,5549960,0
10,161,21980940,15125240,0,0,0,0,6708930,0
10,162,22425240,14970840,0,0,0,0,7309300,0
10,163,21901560,15471550,0,0,0,0,6138440,0
10,164,28050300,18590040,0,0,0,0,9293670,0
10,165,21297840,14027220,0,0,0,0,7171540,0
10,166,21003660,14560830,0,0,0,0,6307360,0
10,167,21780730,15243270,0,0,0,0,6404960,0
10,168,19693890,13740110,0,0,0,0,5822080,0
10,169,21185820,14415080,0,0,0,0,6637530,0
10,170,16364400,11168510,0,0,0,0,5107320,0
10,171,18723950,13137350,0,0,0,0,5461260,0
10,172,21175640,14799890,0,0,0,0,6246080,0
10,173,22169000,15253300,0,0,0,0,6776670,0
10,174,22107650,14852850,0,0,0,0,7116290,0
10,175,6595910,4498310,0,0,0,0,2050910,0
10,176,22616980,15736710,0,0,0,0,6733190,0
10,177,23893200,15471580,0,0,0,0,8276670,0
10,178,23230530,15899650,0,0,0,0,7191080,0
10,179,21259970,14429220,0,0,0,0,6490180,0
10,180,12973040,8819900,0,0,0,0,4068700,0
10,181,21490180,14823380,0,0,0,0,6527930,0
10,182,21418760,14495370,0,0,0,0,6792480,0
10,183,10863260,7626290,0,0,0,0,3134150,0
10,184,22080170,15346660,0,0,0,0,6417080,0
10,185,13003850,8977510,0,0,0,0,3942350,0
10,186,18282960,12776860,0,0,0,0,5100280,0
10,187,22472690,15201450,0,0,0,0,6949190,0
10,188,22603060,15783930,0,0,0,0,6681250,0
10,189,22438450,15316340,0,0,0,0,6848320,0
10,190,21394980,14799780,0,0,0,0,6449500,0
10,191,19499100,13124650,0,0,0,0,6242540,0
10,192,21117470,14852080,0,0,0,0,6131930,0
10,193,21670190,14990450,0,0,0,0,6546250,0
10,194,20814950,14128840,0,0,0,0,6551350,0
10,195,18628020,12561780,0,0,0,0,5964410,0
10,196,20727490,14365170,0,0,0,0,6232260,0
10,197,20861760,14109220,0,0,0,0,6621460,0
10,198,30952940,21185430,0,0,0,0,9405800,0
10,199,12778120,8395870,0,0,0,0,4299710,0
10,200,9796480,6768340,0,0,0,0,2949850,0
10,201,30970300,21911990,0,0,0,0,8893560,0
10,202,20999170,14271560,0,0,0,0,6585390,0
10,203,25901430,17048660,0,0,0,0,8704640,0
10,204,20363860,13894880,0,0,0,0,6335850,0
10,205,27660050,18804450,0,0,0,0,8695370,0
10,206,22377950,15468300,0,0,0,0,6764150,0
10,207,21522010,14889500,0,0,0,0,6494480,0
10,208,13723120,9116930,0,0,0,0,4542260,0
10,209,20420690,14369350,0,0,0,0,5919460,0
10,210,13945940,9384670,0,0,0,0,4482950,0
10,211,32711560,22593310,0,0,0,0,9895410,0
10,212,20610280,13960370,0,0,0,0,6518260,0
10,213,16571210,10918920,0,0,0,0,5368990,0
10,214,20557430,14085310,0,0,0,0,6334590,0
10,215,9349090,6372990,0,0,0,0,2902990,0
10,216,19966340,14004050,0,0,0,0,5760050,0
10,217,12927410,9077480,0,0,0,0,3753450,0
10,218,21146820,14500740,0,0,0,0,6503930,0
10,219,20778530,14689410,0,0,0,0,5960650,0
10,220,12812500,8955470,0,0,0,0,3754930,0
10,221,20580200,14384270,0,0,0,0,6056200,0
10,222,13781100,9962080,0,0,0,0,3711460,0
10,223,20471030,13663930,0,0,0,0,6675190,0
10,224,20776430,14045370,0,0,0,0,6596900,0
10,225,15879980,11082360,0,0,0,0,4674490,0
10,226,20255230,13680340,0,0,0,0,6437010,0
10,227,21012550,14213310,0,0,0,0,6667810,0
10,228,20539580,14177140,0,0,0,0,6235060,0
10,229,18451400,12557270,0,0,0,0,5770910,0
10,230,16017170,10971650,0,0,0,0,4929680,0
10,231,21117750,14302660,0,0,0,0,6677890,0
10,232,14899540,10323410,0,0,0,0,4469190,0
10,233,20858860,14524400,0,0,0,0,6201510,0
10,234,11862970,8635730,0,0,0,0,3125650,0
10,235,7990180,4994420,0,0,0,0,2947920,0
10,236,27439180,18436520,0,0,0,0,8656530,0
10,237,20425800,14326130,0,0,0,0,5968050,0
10,238,20938890,14524980,0,0,0,0,6274410,0
10,239,21167140,14459630,0,0,0,0,6565430,0
10,240,20926520,14341790,0,0,0,0,6439390,0
10,241,21492330,14731380,0,0,0,0,6620290,0
10,242,20538120,14020000,0,0,0,0,6381750,0
10,243,21087110,14851130,0,0,0,0,6091750,0
10,244,20990040,14793040,0,0,0,0,6055970,0
10,245,16193870,11087820,0,0,0,0,4900240,0
10,246,24273470,16842540,0,0,0,0,7277540,0
10,247,19025270,13604500,0,0,0,0,5289740,0
10,248,23132510,16202970,0,0,0,0,6785160,0
10,249,21820200,15296030,0,0,0,0,6378930,0
10,250,19371880,13430630,0,0,0,0,5726680,0
10,251,20891970,14382670,0,0,0,0,6372570,0
10,252,20979140,15051440,0,0,0,0,5688620,0
10,253,19490600,13806630,0,0,0,0,5565100,0
10,254,30006500,20485730,0,0,0,0,9351210,0
10,255,19546850,13461780,0,0,0,0,5945770,0
10,256,20862640,14471320,0,0,0,0,6254960,0
10,257,20845570,14435510,0,0,0,0,6262780,0
10,258,21304180,14363250,0,0,0,0,6801600,0
10,259,27895760,18921020,0,0,0,0,8646330,0
10,260,17130190,11895120,0,0,0,0,5111590,0
10,261,19438680,12979030,0,0,0,0,6341660,0
10,262,20986920,14344880,0,0,0,0,6506690,0
10,263,21271650,14799400,0,0,0,0,6334580,0
10,264,19818240,13969800,0,0,0,0,5708100,0
10,265,19817420,13773490,0,0,0,0,5903210,0
10,266,11174670,8000990,0,0,0,0,3071240,0
10,267,25377780,17163470,0,0,0,0,8058000,0
10,268,21154470,14719250,0,0,0,0,6301350,0
10,269,11530300,8206070,0,0,0,0,3023650,0
10,270,19922850,13954430,0,0,0,0,5829470,0
10,271,27926090,19413670,0,0,0,0,8346780,0
10,272,27661450,18390770,0,0,0,0,9102780,0
10,273,14448050,10301190,0,0,0,0,4036220,0
10,274,22494830,15621430,0,0,0,0,6734550,0
10,275,22322380,15416530,0,0,0,0,6765870,0
10,276,26758170,17955590,0,0,0,0,8469160,0
10,277,22925530,15715500,0,0,0,0,6867460,0
10,278,21089060,14413120,0,0,0,0,6540510,0
10,279,21591190,14683550,0,0,0,0,6521820,0
10,280,13416690,9632720,0,0,0,0,3666390,0
10,281,24436030,17073290,0,0,0,0,7054950,0
10,282,26446190,18154150,0,0,0,0,8132460,0
10,283,18838870,12951090,0,0,0,0,5760960,0
10,284,28767690,19503000,0,0,0,0,9091230,0
10,285,25110350,16753360,0,0,0,0,8220260,0
10,286,21584100,14858450,0,0,0,0,6584350,0
10,287,21484480,14960230,0,0,0,0,6394130,0
10,288,20504520,14161020,0,0,0,0,6201670,0
10,289,21803150,15128370,0,0,0,0,6528440,0
10,290,20006480,13920670,0,0,0,0,5791000,0
10,291,14186750,10085700,0,0,0,0,3937980,0
10,292,22131320,14994910,0,0,0,0,6988020,0
10,293,19114050,13362510,0,0,0,0,5620710,0
10,294,28580140,19388970,0,0,0,0,9028100,0
10,295,20337650,14171030,0,0,0,0,6033010,0
10,296,23199170,16223330,0,0,0,0,6697230,0
10,297,24236320,16678850,0,0,0,0,7416390,0
10,298,21058180,14347580,0,0,0,0,6566780,0
10,299,20361540,14361490,0,0,0,0,5868490,0
10,300,20140780,14134260,0,0,0,0,5866460,0
10,301,16063510,11260360,0,0,0,0,4473180,0
10,302,24312580,16864750,0,0,0,0,7290870,0
10,303,15401270,10867740,0,0,0,0,4254110,0
10,304,21176300,14527130,0,0,0,0,6510610,0
10,305,20698150,14377530,0,0,0,0,6186350,0
10,306,15640740,11316180,0,0,0,0,4195420,0
10,307,18823180,12897590,0,0,0,0,5797360,0
10,308,22696950,15917990,0,0,0,0,6634470,0
10,309,18005270,12276920,0,0,0,0,5431860,0
10,310,20503380,13987890,0,0,0,0,6375610,0
10,311,20271250,14159040,0,0,0,0,5971150,0
10,312,23453530,15858210,0,0,0,0,7439360,0
10,313,18953930,12971920,0,0,0,0,5640680,0
10,314,21069310,14415240,0,0,0,0,6517470,0
10,315,14194280,10457180,0,0,0,0,3590340,0
10,316,17080390,11727070,0,0,0,0,5240200,0
10,317,16670230,11608890,0,0,0,0,4929310,0
10,318,19897520,13777140,0,0,0,0,5988350,0
10,319,16187280,11591840,0,0,0,0,4488510,0
10,320,16392810,11520490,0,0,0,0,4750140,0
10,321,16014010,11329620,0,0,0,0,4527280,0
10,322,19838930,13828750,0,0,0,0,5878200,0
10,323,21051840,14938500,0,0,0,0,5974390,0
10,324,20520900,14028140,0,0,0,0,6341650,0
10,325,20594160,14270090,0,0,0,0,6181440,0
10,326,19675670,14093020,0,0,0,0,5450770,0
10,327,15496070,11002040,0,0,0,0,4380150,0
10,328,20747900,14394300,0,0,0,0,6218250,0
10,329,19898270,14059380,0,0,0,0,5707300,0
10,330,20821330,14472310,0,0,0,0,6216570,0
10,331,17262060,11843580,0,0,0,0,5280670,0
10,332,11380190,8035680,0,0,0,0,3244480,0
10,333,16383940,11593880,0,0,0,0,4664660,0
10,334,11028160,7667500,0,0,0,0,3273740,0
10,335,18908830,13270160,0,0,0,0,5499600,0
10,336,17620030,12346520,0,0,0,0,5136680,0
10,337,19402040,13540710,0,0,0,0,5730100,0
10,338,20190970,14044250,0,0,0,0,6019360,0
10,339,20516790,14170520,0,0,0,0,6194810,0
10,340,20096060,13890100,0,0,0,0,5844830,0
10,341,21252540,14953720,0,0,0,0,6138580,0
10,342,20800880,14460340,0,0,0,0,6203820,0
10,343,29810070,20743000,0,0,0,0,8901750,0
10,344,28375020,19043070,0,0,0,0,8993440,0
10,345,20692240,14310940,0,0,0,0,6235840,0
10,346,20749840,14467570,0,0,0,0,5894490,0
10,347,25750330,17607220,0,0,0,0,7984540,0
10,348,20646860,14073320,0,0,0,0,6433650,0
10,349,21213080,14685190,0,0,0,0,6389790,0
10,350,26101840,18288810,0,0,0,0,7495520,0
10,351,12157320,8677550,0,0,0,0,3178050,0
10,352,10906290,7698840,0,0,0,0,3110760,0
10,353,14660380,10624530,0,0,0,0,3872440,0
10,354,27689620,18929750,0,0,0,0,8540170,0
10,355,20306500,13925980,0,0,0,0,6083200,0
10,356,20611950,14486070,0,0,0,0,5989350,0
10,357,6715000,4588100,0,0,0,0,2079760,0
10,358,20230480,14046550,0,0,0,0,6047610,0
10,359,20975750,14453200,0,0,0,0,6370150,0
10,360,26371230,18415000,0,0,0,0,7799620,0
10,361,21881050,15144360,0,0,0,0,6601150,0
10,362,20988200,14629860,0,0,0,0,6214350,0
10,363,20866680,14279290,0,0,0,0,6443770,0
10,364,21009660,14753020,0,0,0,0,6093890,0
10,365,14409620,10114820,0,0,0,0,4148280,0
10,366,26980210,19120110,0,0,0,0,7653140,0
10,367,26786330,18524970,0,0,0,0,8107160,0
10,368,22585270,15467570,0,0,0,0,6819990,0
10,369,20422210,14338600,0,0,0,0,5947440,0
10,370,20696200,14485320,0,0,0,0,5847990,0
10,371,20451510,14234760,0,0,0,0,6082860,0
10,372,26383970,17845240,0,0,0,0,8380710,0
10,373,11168660,8049260,0,0,0,0,3030050,0
10,374,19660310,13559400,0,0,0,0,5962870,0
10,375,21957920,14890330,0,0,0,0,6914370,0
10,376,33727690,23787180,0,0,0,0,9709660,0
10,377,18144090,12366690,0,0,0,0,5647780,0
10,378,15647060,10664340,0,0,0,0,4861410,0
10,379,21940420,15222010,0,0,0,0,6573660,0
10,380,23208820,16810650,0,0,0,0,6205190,0
10,381,19603100,13398410,0,0,0,0,6074690,0
10,382,19874350,13898430,0,0,0,0,5697960,0
10,383,25463820,17635850,0,0,0,0,7664450,0
10,384,22969790,16291360,0,0,0,0,6481890,0
10,385,23861910,16760670,0,0,0,0,6912670,0
10,386,31818770,21242430,0,0,0,0,10396090,0
10,387,19779380,13930340,0,0,0,0,5711570,0
10,388,21011350,14610190,0,0,0,0,6256200,0
10,389,20891440,14591730,0,0,0,0,6159070,0
10,390,17793770,12067630,0,0,0,0,5568400,0
10,391,21162540,14724380,0,0,0,0,6284540,0
10,392,21125330,14385210,0,0,0,0,6604320,0
10,393,20972630,14406110,0,0,0,0,6429590,0
10,394,21349720,14695620,0,0,0,0,6444630,0
10,395,24415860,17202310,0,0,0,0,7070150,0
10,396,24599290,17611510,0,0,0,0,6755280,0
10,397,20625840,14209490,0,0,0,0,6279340,0
10,398,20943460,14480010,0,0,0,0,6331590,0
10,399,19874680,13750100,0,0,0,0,5995050,0
10,400,21068680,14667350,0,0,0,0,6263320,0
10,401,17747070,12138010,0,0,0,0,5482420,0
10,402,30444600,20890120,0,0,0,0,9387010,0
10,403,25613990,17352400,0,0,0,0,8103780,0
10,404,12358920,8581050,0,0,0,0,3675620,0
10,405,21780840,15656710,0,0,0,0,5938440,0
10,406,22385750,14921910,0,0,0,0,7137050,0
10,407,26312810,17526870,0,0,0,0,8472740,0
10,408,22072310,15436300,0,0,0,0,6495850,0
10,409,20910960,14549970,0,0,0,0,6057400,0
10,410,22395570,15439390,0,0,0,0,6801070,0
10,411,21966240,15303180,0,0,0,0,6516600,0
10,412,26625000,18896310,0,0,0,0,7529220,0
10,413,15388960,10583400,0,0,0,0,4525920,0
10,414,23172660,15369540,0,0,0,0,7427850,0
10,415,19471890,13181110,0,0,0,0,6152530,0
10,416,27447360,19056020,0,0,0,0,8240180,0
10,417,20651730,14597810,0,0,0,0,5919920,0
10,418,20007110,13948250,0,0,0,0,5927980,0
10,419,7929750,5337680,0,0,0,0,2530730,0
10,420,21808430,14706820,0,0,0,0,6938690,0
10,421,11438000,8269830,0,0,0,0,3033920,0
10,422,23063140,16018750,0,0,0,0,6835130,0
10,423,33477860,23313280,0,0,0,0,9978500,0
10,424,20785420,14751500,0,0,0,0,5898520,0
10,425,20361570,14241690,0,0,0,0,5980970,0
10,426,23458330,15646540,0,0,0,0,7525790,0
10,427,22057430,15133260,0,0,0,0,6770870,0
10,428,22820440,16008520,0,0,0,0,6632350,0
10,429,11907910,8443810,0,0,0,0,3371390,0
10,430,20592000,14249030,0,0,0,0,6116980,0
10,431,22092790,15351310,0,0,0,0,6598830,0
10,432,22011640,15163440,0,0,0,0,6706500,0
10,433,20868300,14557860,0,0,0,0,6172040,0
10,434,18638380,12552430,0,0,0,0,5957270,0
10,435,17332240,12716730,0,0,0,0,4458230,0
10,436,21466980,14525590,0,0,0,0,6754040,0
10,437,6476120,4313470,0,0,0,0,2115050,0
10,438,20809010,14354890,0,0,0,0,6308590,0
10,439,27506300,18487420,0,0,0,0,8829110,0
10,440,21680960,14530070,0,0,0,0,7013900,0
10,441,15685730,11599160,0,0,0,0,3972590,0
10,442,21242110,15137160,0,0,0,0,5926090,0
10,443,10752340,7606700,0,0,0,0,3033730,0
10,444,19820630,13487180,0,0,0,0,6188730,0
10,445,28404160,19152610,0,0,0,0,8837000,0
10,446,19849420,13998130,0,0,0,0,5718090,0
10,447,21518810,15091100,0,0,0,0,6272690,0
10,448,20795210,14214270,0,0,0,0,6443020,0
10,449,24761690,17128790,0,0,0,0,7451600,0
10,450,16540160,11167130,0,0,0,0,5277710,0
10,451,21493740,14974430,0,0,0,0,6369290,0
10,452,13733290,9874870,0,0,0,0,3748920,0
10,453,20282800,14225350,0,0,0,0,5927970,0
10,454,21217280,14629030,0,0,0,0,6436320,0
10,455,25105850,17433130,0,0,0,0,7484650,0
10,456,34064000,24210330,0,0,0,0,9637030,0
10,457,24434910,16473810,0,0,0,0,7808000,0
10,458,21169200,14640780,0,0,0,0,6386600,0
10,459,21071550,14614990,0,0,0,0,6320060,0
10,460,26087260,18168060,0,0,0,0,7764580,0
10,461,20565230,14299460,0,0,0,0,6078210,0
10,462,20711250,14507530,0,0,0,0,6065320,0
10,463,19358890,13586840,0,0,0,0,5642150,0
10,464,20555780,14239170,0,0,0,0,5944820,0
10,465,9159050,6230850,0,0,0,0,2874160,0
10,466,17967130,12292570,0,0,0,0,5544490,0
10,467,20454510,14282180,0,0,0,0,6031860,0
10,468,19026850,13809000,0,0,0,0,5085440,0
10,469,16088870,10887480,0,0,0,0,5077690,0
10,470,7752420,5302780,0,0,0,0,2391300,0
10,471,20780990,14557430,0,0,0,0,6085080,0
10,472,22772160,15671040,0,0,0,0,6805950,0
10,473,23665960,16177810,0,0,0,0,7182840,0
10,474,20600080,14294790,0,0,0,0,6015720,0
10,475,6687090,4369600,0,0,0,0,2272250,0
10,476,21342830,15121130,0,0,0,0,5921090,0
10,477,21021900,14551880,0,0,0,0,6327720,0
10,478,23349510,16900180,0,0,0,0,6259700,0
10,479,25244700,17747420,0,0,0,0,7206540,0
10,480,15124450,9993480,0,0,0,0,5033170,0
10,481,21331960,14646720,0,0,0,0,6546550,0
10,482,21405190,14444610,0,0,0,0,6822760,0
10,483,27444990,18934070,0,0,0,0,8355940,0
10,484,21317190,14538790,0,0,0,0,6640870,0
10,485,14340860,9363660,0,0,0,0,4894370,0
10,486,21447550,14837860,0,0,0,0,6211010,0
10,487,21519180,14664950,0,0,0,0,6716570,0
10,488,21387410,14304900,0,0,0,0,6940830,0
10,489,19762120,14203870,0,0,0,0,5179000,0
10,490,15119970,11065380,0,0,0,0,3894930,0
10,491,26479230,18115200,0,0,0,0,8188870,0
10,492,21623220,15216880,0,0,0,0,6268090,0
10,493,29781020,20430400,0,0,0,0,9127610,0
10,494,21264970,14549690,0,0,0,0,6324860,0
10,495,20955780,14317600,0,0,0,0,6499640,0
10,496,20824770,14676650,0,0,0,0,6004150,0
10,497,20878630,14652730,0,0,0,0,6085770,0
10,498,20898320,14334930,0,0,0,0,6422370,0
10,499,21341000,14573430,0,0,0,0,6628320,0
